Mozilla/5.0 (Linux; Android 9; Redmi Note 5 Build/PKQ1.180904.001) AppleWebKit/537.36 (KHTML, like Gecko) Chrome/94.0.4606.50 Mobile Safari/537.3


#carporn
#sexylingerie
#sexygirsls
#sexyactress
#onlyfans
#babes
#stockings
#sexybabes
#melons
#sexeducation
#sexed
#hottestgirls
#wet
#sexyphoto
#hotgirl
#peachy
#sexyheels
#bikini
#love
#hot
#beautiful
#lesbian
#girl
#cute
#lingerie
#girls
#pretty
#portrait
#mood


#carporn #sexy #sexywomen #sexylingerie #sexygirsls #sexyactress #onlyfansgirl #sexybabes #lingerie #melons #sexeducation #sexed #hottestgirls #wet #bbws #footfetısh #tights #peachy #sexyheels #bikini



#money
#moneymaker
#datenight
#cash
#success
#hunt
#fishing
#bucks
#leadership
#business
#videos
#adultmemes
#adultsociety
#adults
#bigbootygirls
#leggings
#curvy
#adultgram
#latenight
#tiny
#gfe
#menstyle
#men
#menwithstyle
#matchmaking
#carporn
#over18
#sexylingerie
#sexygirsls
#sexyactress
#onlyfans
#babes
#stockings
#sexybabes
#melons
#sexeducation
#sexed
#hottestgirls
#wet
#sexyphoto
#hotgirl
#peachy
#sexyheels
#bikini
#love
#hot
#beautiful
#beauty
#girl
#cute
#lingerie
#girls
#pretty
#bhfyp
#portrait
#videogram
#hottestmodels
#advertise
#moodoftheday
#moody
#hairy
#naturalgirl
#naturalwoman
#naturalbody
#lingerielove
#photography
#portraitgasm
#portraitmood
#bööbss
#boobsy
#lesbian
#butt
#naughty
#noclothing
#bra
#badass
#titsfordays	    


.
